Question|Answer
Hello|Hello! It's nice to meet you. How can I help you today?
Hi|Hi! I'm here to answer your questions. Feel free to ask me anything.
How are you?|I'm doing great, thank you for asking! I hope you're having a wonderful day too.
What is your name?|My name is AI FAQ Assistant. I'm here to answer your questions and provide useful information.
Who created you?|I was created as an AI chatbot project to help users find answers quickly. My knowledge comes from the dataset provided by my developer.
What are you doing?|I'm waiting for your questions. Whenever you're ready, I'll do my best to help you.
Can you help me?|Of course! I'll try my best to answer your questions. Just type your question, and I'll respond.
Good morning|Good morning! I hope you have a productive and successful day ahead.
Good afternoon|Good afternoon! I hope your day is going well. Let me know if you need any help.
Good evening|Good evening! I hope you've had a great day. How may I assist you?
Good night|Good night! Have a peaceful sleep and take care. I'll be here whenever you need me again.
Thank you|You're welcome! I'm always happy to help. Feel free to ask another question anytime.
What is Artificial Intelligence?|Artificial Intelligence (AI) is a field of computer science that focuses on creating machines capable of performing tasks that normally require human intelligence. These tasks include learning, reasoning, problem solving, and understanding language. AI is used in healthcare, finance, education, transportation, and many other industries.
What is Machine Learning?|Machine Learning is a branch of Artificial Intelligence that enables computers to learn from data without being explicitly programmed for every task. The system identifies patterns in data and improves its predictions over time. It is commonly used in recommendation systems, spam detection, fraud detection, and image recognition.
What is Deep Learning?|Deep Learning is a specialized area of Machine Learning based on artificial neural networks with multiple layers. It is highly effective for processing images, speech, and text. Deep Learning models usually require large datasets and powerful hardware such as GPUs.
What is Computer Science?|Computer Science is the study of computers, software, algorithms, and computational systems. It covers programming, databases, networking, operating systems, artificial intelligence, and cybersecurity. It provides the foundation for building modern software applications.
What is hardware?|Hardware refers to the physical components of a computer that you can touch. Examples include the CPU, RAM, motherboard, hard drive, keyboard, monitor, and mouse. Hardware works together with software to perform computing tasks.
What is software?|Software is a collection of programs and instructions that tell a computer what to do. It can be divided into system software, such as operating systems, and application software, such as web browsers and office applications. Software allows users to perform useful tasks on hardware.
What is an operating system?|An operating system is system software that manages computer hardware and software resources. It provides an interface between the user and the computer. Popular operating systems include Windows, Linux, and macOS.
What is programming?|Programming is the process of writing instructions that tell a computer how to perform specific tasks. These instructions are written using programming languages. Programming is used to develop websites, mobile apps, games, desktop software, and AI applications.
What is Python?|Python is a high-level programming language known for its simple and readable syntax. It is widely used in web development, automation, data science, machine learning, and artificial intelligence. Python has a large community and thousands of useful libraries.
What is C++?|C++ is a powerful programming language commonly used for system programming, game development, embedded systems, and high-performance applications. It provides fine control over memory and performance. Many operating systems and software applications are built using C++.
What is Java?|Java is an object-oriented programming language designed to be platform independent. Applications written in Java can run on different operating systems using the Java Virtual Machine (JVM). It is widely used for enterprise software, Android development, and backend systems.
What is JavaScript?|JavaScript is a programming language primarily used to make websites interactive. It allows developers to create dynamic web pages, animations, forms, and web applications. Together with HTML and CSS, JavaScript forms the core technologies of modern web development.
What is SQL?|SQL stands for Structured Query Language. It is used to store, retrieve, update, and manage data in relational databases. SQL is one of the most important skills for software developers, data analysts, and AI engineers.
What is Data Science?|Data Science is the field of extracting meaningful insights from data using statistics, programming, and machine learning. It combines mathematics, computer science, and domain knowledge to analyze structured and unstructured data. Data scientists use tools like Python, Pandas, NumPy, and SQL to solve real-world problems. The results help businesses make informed decisions and improve their products and services.
What is Data Analysis?|Data Analysis is the process of examining, cleaning, and interpreting data to discover useful information. Analysts use various techniques to identify trends, patterns, and relationships within data. The insights gained from analysis help organizations make better decisions. Common tools include Excel, SQL, Python, and visualization libraries.
What is NumPy?|NumPy is a powerful Python library used for numerical computing. It provides fast multidimensional arrays and many mathematical functions for performing calculations efficiently. NumPy is the foundation for many other data science libraries, including Pandas and SciPy. It is widely used in machine learning, scientific computing, and artificial intelligence.
What is Pandas?|Pandas is an open-source Python library designed for data manipulation and analysis. It introduces powerful data structures such as Series and DataFrame, making it easy to work with tabular data. Pandas allows users to clean, filter, transform, and analyze datasets efficiently. It is one of the most widely used libraries in data science.
What is Matplotlib?|Matplotlib is a popular Python library used for creating charts and graphs. It supports line charts, bar charts, scatter plots, histograms, pie charts, and many other visualizations. Data visualization helps users understand patterns and trends in data more easily. Matplotlib is commonly used alongside NumPy and Pandas.
What is a database?|A database is an organized collection of data that can be stored, managed, and retrieved efficiently. Databases allow applications to store information such as customer records, products, transactions, and more. Database Management Systems (DBMS) provide tools to manage this data securely. Popular databases include PostgreSQL, MySQL, Oracle, and SQL Server.
What is PostgreSQL?|PostgreSQL is a powerful, open-source relational database management system. It supports advanced SQL features, strong data integrity, and excellent performance. PostgreSQL is widely used for web applications, enterprise systems, and data analysis. It is known for its reliability, scalability, and its active open-source community.
What is MySQL?|MySQL is one of the world's most popular relational database management systems. It is widely used in websites, web applications, and business software. MySQL stores data in tables and uses SQL for querying and managing information. It is known for being fast, reliable, and easy to learn.
What is an API?|An API, or Application Programming Interface, allows different software applications to communicate with each other. APIs define a set of rules that developers use to send requests and receive responses between systems. They are commonly used in web development, mobile apps, payment systems, and AI services. APIs simplify integration between different applications.
What is JSON?|JSON stands for JavaScript Object Notation. It is a lightweight format used for storing and exchanging data between applications. JSON is easy for both humans and machines to read and write. It is commonly used in web APIs because of its simplicity and compatibility with many programming languages.